Day,Airline,Origin Airport,Stop-over Airport,Destination Airport,Origin Departure Delay,Stop-over Arrival Delay,Stop-over Departure Delay,Destination Arrival Delay
7,AS,SFO,SEA,JFK,11,11,6,-45
7,B6,SFO,LAS,JFK,33,25,3,19
7,AS,SFO,SEA,JFK,-8,-10,6,-45
7,AA,SFO,LAX,JFK,-7,-23,-5,-15
7,AA,SFO,LAX,JFK,-7,-23,-6,4
7,DL,SFO,LAX,JFK,-2,-4,-4,-10
7,DL,SFO,LAX,JFK,-2,-4,109,108
7,VX,SFO,LAX,JFK,-5,-1,-5,1
7,AA,SFO,LAX,JFK,-5,-7,3,6
7,AA,SFO,LAX,JFK,-5,-7,-5,-15
7,VX,SFO,LAS,JFK,-3,-10,8,13
7,DL,SFO,LAX,JFK,-5,-5,-4,-10
7,DL,SFO,LAX,JFK,-5,-5,109,108
7,VX,SFO,LAX,JFK,-1,-6,-5,1
7,B6,SFO,BOS,JFK,26,32,-1,-5
7,AA,SFO,CLT,JFK,-11,-4,30,41
7,B6,SFO,FLL,JFK,13,25,0,-15
7,DL,SFO,ATL,JFK,12,16,0,-17
8,DL,SFO,MSP,JFK,-6,-20,-3,-7
8,AA,SFO,CLT,JFK,-9,-21,-3,-16
8,AA,SFO,ORD,JFK,-6,-1,-4,-6
8,AA,SFO,DFW,JFK,-8,-3,0,15
8,AA,SFO,PHX,JFK,-7,-18,-3,9
8,DL,SFO,ATL,JFK,0,3,9,-19
8,AA,SFO,MIA,JFK,-1,0,2,-10
8,VX,SFO,LAX,JFK,3,-4,14,15
8,AA,SFO,LAX,JFK,-7,-28,-4,-13
8,DL,SFO,ATL,JFK,-3,1,1,11
8,VX,SFO,LAX,JFK,-4,-10,14,15
8,B6,SFO,BOS,JFK,-9,-12,-9,-5
8,DL,SFO,LAX,JFK,-2,-1,3,12
8,DL,SFO,ATL,JFK,-2,-6,1,11
8,DL,SFO,LAX,JFK,3,-8,3,12
8,AA,SFO,PHX,JFK,-6,-6,10,27
8,AA,SFO,ORD,JFK,3,-1,-4,-20
8,AA,SFO,LAX,JFK,14,2,-3,-10
8,AA,SFO,LAX,JFK,14,2,22,23
8,AA,SFO,DFW,JFK,0,-17,-4,-15
8,DL,SFO,LAX,JFK,-3,-8,-1,4
8,AA,SFO,ORD,JFK,-7,-20,-4,-20
8,AA,SFO,CLT,JFK,-10,-6,0,1
8,VX,SFO,LAX,JFK,-7,-10,-4,5
8,DL,SFO,LAX,JFK,-6,-7,-4,12
8,DL,SFO,ATL,JFK,-1,-6,19,1
8,AA,SFO,PHX,JFK,-1,-7,-6,-6
8,VX,SFO,LAX,JFK,-8,-20,-3,20
8,AA,SFO,LAX,JFK,34,36,73,60
8,B6,SFO,LAS,JFK,44,45,0,27
8,AS,SFO,SEA,JFK,30,38,27,-6
8,AA,SFO,LAX,JFK,-3,-5,-9,-20
8,AA,SFO,LAX,JFK,-3,-5,-2,9
8,VX,SFO,LAX,JFK,0,13,-1,0
8,DL,SFO,LAX,JFK,-3,0,-3,-2
8,VX,SFO,LAX,JFK,-5,-9,-1,0
8,AA,SFO,LAX,JFK,-5,-13,-6,-2
8,AA,SFO,LAX,JFK,-5,-13,-9,-20
8,DL,SFO,LAX,JFK,-3,0,-3,-2
8,AA,SFO,LAX,JFK,-8,-16,-6,-2
8,B6,SFO,BOS,JFK,-6,-17,-2,-12
8,B6,SFO,BOS,JFK,-6,-17,-3,0
8,AA,SFO,CLT,JFK,-5,-9,-4,-16
8,B6,SFO,FLL,JFK,16,21,-5,-19
8,DL,SFO,ATL,JFK,-3,15,1,-10
9,AA,SFO,ORD,JFK,-7,-25,-5,-14
9,AA,SFO,DFW,JFK,-7,-17,4,-4
9,AA,SFO,PHX,JFK,-4,-9,-4,-3
9,DL,SFO,ATL,JFK,-3,-13,0,-16
9,AA,SFO,MIA,JFK,-6,-12,14,-12
9,VX,SFO,LAX,JFK,6,-1,-1,-20
9,AA,SFO,LAX,JFK,44,59,-7,-25
9,AA,SFO,LAX,JFK,44,59,34,23
9,B6,SFO,LAS,JFK,-5,-25,-3,-12
9,DL,SFO,ATL,JFK,0,-13,1,-18
9,VX,SFO,LAX,JFK,-5,0,-1,-20
9,B6,SFO,BOS,JFK,7,-3,-1,4
9,DL,SFO,LAX,JFK,0,0,40,32
9,DL,SFO,ATL,JFK,-3,-14,1,-18
9,DL,SFO,LAX,JFK,11,7,40,32
9,AA,SFO,PHX,JFK,-12,-19,-1,6
9,AA,SFO,ORD,JFK,-6,-36,-2,-13
9,AA,SFO,LAX,JFK,-1,10,-8,-18
9,AA,SFO,LAX,JFK,-1,10,-2,-10
9,B6,SFO,FLL,JFK,-3,-12,-3,-20
9,AA,SFO,DFW,JFK,-2,-15,-4,-12
9,DL,SFO,LAX,JFK,23,27,-9,-8
9,AA,SFO,ORD,JFK,-2,-30,-2,-13
9,AA,SFO,CLT,JFK,2,-3,-6,-9
9,DL,SFO,LAX,JFK,8,8,-1,4
9,DL,SFO,ATL,JFK,9,-12,0,-12
9,AA,SFO,PHX,JFK,-7,-14,10,13
9,VX,SFO,LAX,JFK,-7,-10,-8,-6
9,AA,SFO,CLT,JFK,-8,-6,-6,-9
9,AA,SFO,PHX,JFK,-7,-13,2,-1
9,AS,SFO,SEA,JFK,16,9,5,-26
9,AA,SFO,LAX,JFK,30,24,-3,-22
9,AA,SFO,LAX,JFK,30,24,-5,4
9,VX,SFO,LAX,JFK,6,7,1,-8
9,DL,SFO,LAX,JFK,25,18,27,16
9,VX,SFO,LAX,JFK,-7,-12,1,-8
9,AA,SFO,LAX,JFK,14,17,18,29
9,B6,SFO,BOS,JFK,34,30,8,0
9,AA,SFO,CLT,JFK,0,-24,-7,-21
9,B6,SFO,FLL,JFK,-2,0,-1,-2
9,DL,SFO,ATL,JFK,20,9,-1,-22
10,DL,SFO,MSP,JFK,-4,-27,-3,-28
10,AA,SFO,CLT,JFK,-8,-36,8,6
10,AA,SFO,MIA,JFK,539,534,0,-7
10,AA,SFO,ORD,JFK,-4,-30,0,-10
10,AA,SFO,DFW,JFK,-7,-25,0,-12
10,AA,SFO,PHX,JFK,-5,-23,-3,-17
10,DL,SFO,ATL,JFK,-2,-14,12,-6
10,AA,SFO,MIA,JFK,0,6,-5,1
10,VX,SFO,LAX,JFK,-5,-8,1,-7
10,DL,SFO,ATL,JFK,-1,-17,17,20
10,VX,SFO,LAX,JFK,-7,16,1,-7
10,B6,SFO,BOS,JFK,-6,-26,1,-17
10,DL,SFO,LAX,JFK,2,39,6,-13
10,DL,SFO,ATL,JFK,5,-13,17,20
10,DL,SFO,LAX,JFK,131,178,5,-24
10,AA,SFO,PHX,JFK,-7,-2,-2,8
10,AA,SFO,ORD,JFK,-3,-38,-7,-14
10,AA,SFO,LAX,JFK,-4,13,-7,-22
10,AA,SFO,LAX,JFK,-4,13,3,-7
10,B6,SFO,FLL,JFK,55,67,5,-5
10,AA,SFO,DFW,JFK,-5,-3,-3,1
10,AA,SFO,ORD,JFK,-1,-44,-7,-14
10,AA,SFO,CLT,JFK,0,4,-2,-5
10,VX,SFO,LAX,JFK,3,5,-1,-15
10,DL,SFO,LAX,JFK,39,44,5,-24
10,DL,SFO,ATL,JFK,19,-8,-4,-19
10,AA,SFO,PHX,JFK,-4,12,-5,-29
10,VX,SFO,LAX,JFK,-3,-4,-1,-15
10,AA,SFO,CLT,JFK,19,-7,-2,-5
10,AS,SFO,SEA,JFK,-9,-4,-2,-20
10,B6,SFO,LAS,JFK,45,41,-2,-27
10,AA,SFO,LAX,JFK,25,22,40,35
10,AA,SFO,LAX,JFK,25,22,4,-15
10,VX,SFO,LAS,JFK,-3,0,6,-8
10,VX,SFO,LAX,JFK,-5,0,1,-30
10,AA,SFO,LAX,JFK,2,-1,-7,22
10,AA,SFO,LAX,JFK,2,-1,40,35
10,DL,SFO,LAX,JFK,2,9,1,-16
10,AA,SFO,LAX,JFK,-3,8,-7,22
10,AA,SFO,LAX,JFK,-3,8,40,35
10,B6,SFO,BOS,JFK,29,20,-3,-2
10,AA,SFO,CLT,JFK,0,-19,-4,-13
10,DL,SFO,ATL,JFK,74,56,-2,3
11,DL,SFO,MSP,JFK,7,0,-3,-15
11,AA,SFO,CLT,JFK,13,-19,1,-2
11,AA,SFO,ORD,JFK,0,-28,-2,-14
11,AA,SFO,DFW,JFK,-3,-7,4,3
11,DL,SFO,ATL,JFK,-1,-20,2,-1
11,AA,SFO,PHX,JFK,-3,-8,1,15
11,DL,SFO,MSP,JFK,178,154,-9,-37
11,AA,SFO,MIA,JFK,0,-16,-6,15
11,VX,SFO,LAX,JFK,0,-6,-4,-53
11,DL,SFO,ATL,JFK,5,-12,0,-2
11,VX,SFO,LAX,JFK,-5,-12,-4,-53
11,B6,SFO,BOS,JFK,-9,-44,-1,-8
11,DL,SFO,LAX,JFK,221,229,-4,-36
11,DL,SFO,ATL,JFK,2,-27,0,-2
11,DL,SFO,LAX,JFK,17,15,39,6
11,AA,SFO,PHX,JFK,99,95,-2,-19
11,AA,SFO,ORD,JFK,0,-18,11,-14
11,AA,SFO,LAX,JFK,62,71,22,7
11,B6,SFO,FLL,JFK,-1,-7,-13,-4
11,B6,SFO,FLL,JFK,-1,-7,-5,2
11,DL,SFO,LAX,JFK,2,14,-8,-44
11,AA,SFO,CLT,JFK,-9,-22,-1,15
11,VX,SFO,LAX,JFK,-4,7,-3,-20
11,VX,SFO,LAX,JFK,-4,7,49,12
11,DL,SFO,DTW,JFK,2,-23,1,-15
11,DL,SFO,LAX,JFK,-5,11,-4,-36
11,DL,SFO,ATL,JFK,1,-19,-2,7
11,AA,SFO,PHX,JFK,2,7,-2,-19
11,VX,SFO,LAX,JFK,-1,10,-3,-20
11,AA,SFO,CLT,JFK,-3,-1,-2,1
11,AS,SFO,SEA,JFK,-12,-11,-1,-46
11,AA,SFO,PHX,JFK,-6,-14,-1,-30
11,B6,SFO,LAS,JFK,75,70,25,3
11,AS,SFO,SEA,JFK,-2,9,-1,-46
11,AA,SFO,LAX,JFK,3,-2,-2,-15
11,AA,SFO,LAX,JFK,3,-2,-1,-17
11,VX,SFO,LAS,JFK,2,25,-4,-35
11,VX,SFO,LAX,JFK,30,20,0,-16
11,DL,SFO,LAX,JFK,-4,-11,-2,-6
11,DL,SFO,LAX,JFK,-4,-11,0,-27
11,VX,SFO,LAX,JFK,-4,-15,0,-16
11,DL,SFO,LAX,JFK,17,15,-2,-6
11,AA,SFO,LAX,JFK,6,-1,-1,-15
11,VX,SFO,LAX,JFK,-1,-6,0,-16
11,B6,SFO,BOS,JFK,9,-15,-6,-3
11,DL,SFO,ATL,JFK,6,11,0,5
11,B6,SFO,BOS,JFK,10,-7,12,13
11,B6,SFO,BOS,JFK,10,-7,-2,19
12,DL,SFO,MSP,JFK,-9,3,-3,-21
12,AA,SFO,CLT,JFK,-5,-19,4,10
12,AA,SFO,DFW,JFK,-7,-6,4,-19
12,AA,SFO,PHX,JFK,2,-8,10,-22
12,DL,SFO,ATL,JFK,-2,-10,3,2
12,AA,SFO,MIA,JFK,-2,-9,-8,-16
12,VX,SFO,LAX,JFK,-3,-3,1,-30
12,AA,SFO,LAX,JFK,-5,-19,-3,-20
12,B6,SFO,LAS,JFK,-7,-20,-2,-24
12,VX,SFO,LAX,JFK,-4,-20,1,-30
12,DL,SFO,LAX,JFK,-2,-12,3,-7
12,DL,SFO,ATL,JFK,0,-11,-3,-25
12,AA,SFO,PHX,JFK,-8,-15,-3,-43
12,AA,SFO,ORD,JFK,-2,-25,-5,-18
12,AA,SFO,LAX,JFK,5,-8,-4,-7
12,AA,SFO,LAX,JFK,5,-8,-2,-12
12,B6,SFO,FLL,JFK,-3,-3,15,15
12,B6,SFO,FLL,JFK,-3,-3,-1,-3
12,AA,SFO,DFW,JFK,-5,-10,4,-8
12,AA,SFO,ORD,JFK,-7,-36,-5,-18
12,DL,SFO,DTW,JFK,-6,-15,0,-17
12,VX,SFO,LAX,JFK,-6,-16,12,-11
12,DL,SFO,ATL,JFK,-3,-13,0,-19
12,AA,SFO,PHX,JFK,-5,-8,-6,-22
12,AA,SFO,CLT,JFK,-7,-8,0,1
12,B6,SFO,LAS,JFK,25,10,2,19
12,AS,SFO,SEA,JFK,-5,-12,10,-30
12,AA,SFO,LAX,JFK,-1,-16,-6,-21
12,AA,SFO,LAX,JFK,-1,-16,-5,4
12,AA,SFO,LAX,JFK,-6,-28,-8,-15
12,AA,SFO,LAX,JFK,-6,-28,-6,-21
12,AA,SFO,LAX,JFK,17,0,-8,-15
12,B6,SFO,BOS,JFK,10,-1,-4,-8
12,B6,SFO,FLL,JFK,12,21,-3,7
12,DL,SFO,ATL,JFK,-8,19,-3,5
13,AA,SFO,DFW,JFK,-5,-20,5,-1
13,AA,SFO,PHX,JFK,118,115,-5,-14
13,DL,SFO,ATL,JFK,5,4,-5,-33
13,AA,SFO,MIA,JFK,-2,-12,-4,-3
13,B6,SFO,LAS,JFK,-5,-29,-5,-17
13,DL,SFO,ATL,JFK,2,-2,-4,-26
13,VX,SFO,LAX,JFK,-3,1,89,62
13,B6,SFO,BOS,JFK,-6,-10,3,3
13,DL,SFO,LAX,JFK,-3,24,17,5
13,HA,SFO,HNL,JFK,3,83,-5,-13
13,AA,SFO,CLT,JFK,0,42,7,29
13,DL,SFO,LAX,JFK,13,41,-3,-21
13,AA,SFO,PHX,JFK,-3,-12,-5,-16
13,DL,SFO,LAX,JFK,22,19,-3,-21
13,AA,SFO,CLT,JFK,27,18,15,8
13,VX,SFO,LAX,JFK,54,50,7,11
13,VX,SFO,LAX,JFK,54,50,64,42
13,DL,SFO,DTW,JFK,7,-12,28,17
13,DL,SFO,LAX,JFK,78,88,36,10
13,AA,SFO,PHX,JFK,70,53,-1,-15
13,DL,SFO,LAX,JFK,94,105,14,-6
13,AS,SFO,SEA,JFK,11,9,-3,-18
13,DL,SFO,LAX,JFK,22,68,14,-6
13,AA,SFO,PHX,JFK,22,2,-1,-15
13,VX,SFO,LAX,JFK,109,138,21,15
13,AS,SFO,SEA,JFK,-12,-2,-3,-18
13,AA,SFO,LAX,JFK,3,8,0,-26
13,AA,SFO,LAX,JFK,3,8,-5,-25
13,VX,SFO,LAS,JFK,47,54,0,-14
13,VX,SFO,LAX,JFK,13,47,21,15
13,VX,SFO,LAX,JFK,29,49,21,15
13,AA,SFO,LAX,JFK,68,63,-5,-7
13,DL,SFO,LAX,JFK,91,86,0,-9
13,AA,SFO,LAX,JFK,4,21,-5,-7
13,B6,SFO,FLL,JFK,206,208,-3,-15
13,DL,SFO,ATL,JFK,-1,-12,35,15
14,DL,SFO,MSP,JFK,23,24,-4,0
14,AA,SFO,CLT,JFK,-5,-18,0,5
14,AA,SFO,ORD,JFK,-6,-8,8,35
14,AA,SFO,DFW,JFK,-3,-25,14,1
14,AA,SFO,PHX,JFK,0,1,4,-20
14,DL,SFO,ATL,JFK,0,-13,62,73
20,AA,SFO,ORD,JFK,-5,-29,0,-16
20,AA,SFO,CLT,JFK,0,-6,0,13
20,VX,SFO,LAX,JFK,24,39,20,2
20,DL,SFO,LAX,JFK,66,81,26,-2
20,VX,SFO,LAX,JFK,42,40,20,2
20,AA,SFO,CLT,JFK,20,24,95,79
20,DL,SFO,LAX,JFK,128,127,12,7
20,B6,SFO,LAS,JFK,88,88,15,16
20,VX,SFO,LAX,JFK,35,23,5,-2
20,DL,SFO,LAX,JFK,166,161,-3,-9
20,DL,SFO,LAX,JFK,166,161,29,8
20,VX,SFO,LAX,JFK,78,66,28,14
20,AA,SFO,LAX,JFK,28,18,-1,17
20,AA,SFO,LAX,JFK,28,18,5,5
20,VX,SFO,LAX,JFK,34,61,28,14
20,B6,SFO,BOS,JFK,76,58,48,39
20,AA,SFO,MIA,JFK,4,-8,23,9
20,DL,SFO,ATL,JFK,68,57,10,-6
20,B6,SFO,FLL,JFK,178,187,0,-3
20,AA,SFO,CLT,JFK,26,24,8,9
20,DL,SFO,ATL,JFK,14,-2,10,-6
21,AA,SFO,ORD,JFK,0,-9,2,-9
21,AA,SFO,DFW,JFK,14,-2,9,1
21,DL,SFO,LAX,JFK,-2,-17,0,-34
21,DL,SFO,ATL,JFK,6,-7,0,-28
21,AA,SFO,MIA,JFK,19,6,-3,3
21,VX,SFO,LAX,JFK,-3,-3,8,-3
21,DL,SFO,ATL,JFK,-2,-19,0,-14
21,DL,SFO,LAX,JFK,241,224,75,54
21,VX,SFO,LAX,JFK,0,14,8,-3
21,B6,SFO,BOS,JFK,-3,-18,1,-8
21,B6,SFO,LAS,JFK,-1,5,-1,-9
21,DL,SFO,ATL,JFK,8,-12,0,-14
21,DL,SFO,LAX,JFK,-3,-2,41,19
21,AA,SFO,ORD,JFK,18,2,23,21
21,AA,SFO,CLT,JFK,18,23,0,3
21,DL,SFO,LAX,JFK,103,120,28,3
21,AA,SFO,PHX,JFK,26,25,-6,-24
21,AA,SFO,MIA,JFK,-2,-6,12,-11
21,VX,SFO,LAX,JFK,-1,4,-7,-5
21,AA,SFO,PHX,JFK,152,140,4,-17
21,DL,SFO,LAX,JFK,183,196,17,16
21,DL,SFO,LAX,JFK,183,196,6,9
21,AA,SFO,PHX,JFK,32,25,4,-17
21,DL,SFO,LAX,JFK,113,139,17,16
21,AA,SFO,LAX,JFK,100,97,-2,18
21,VX,SFO,LAS,JFK,5,0,79,97
21,B6,SFO,BOS,JFK,177,184,-2,-6
21,AA,SFO,MIA,JFK,39,54,-2,-9
21,DL,SFO,ATL,JFK,156,166,-4,-13
21,B6,SFO,FLL,JFK,306,300,42,36
21,DL,SFO,ATL,JFK,57,49,0,-18
22,AA,SFO,CLT,JFK,209,190,33,44
22,DL,SFO,LAX,JFK,16,34,40,33
22,AA,SFO,PHX,JFK,-1,-12,30,61
22,DL,SFO,ATL,JFK,6,12,23,24
22,AA,SFO,MIA,JFK,-5,-13,31,68
22,AA,SFO,LAX,JFK,2,17,2,-16
22,DL,SFO,LAX,JFK,11,24,55,35
22,B6,SFO,BOS,JFK,-3,-9,31,20
22,AA,SFO,CLT,JFK,169,181,6,-4
22,DL,SFO,ATL,JFK,3,0,22,6
22,AA,SFO,PHX,JFK,17,18,31,39
22,AA,SFO,ORD,JFK,25,-2,-2,38
22,DL,SFO,LAX,JFK,0,17,68,40
22,AA,SFO,DFW,JFK,-5,-16,24,14
22,B6,SFO,FLL,JFK,87,116,33,27
22,AA,SFO,ORD,JFK,1,-31,-2,38
22,AA,SFO,CLT,JFK,32,33,6,-4
22,VX,SFO,LAX,JFK,47,45,62,42
22,DL,SFO,LAX,JFK,55,55,15,4
22,AA,SFO,PHX,JFK,30,17,-3,-7
22,DL,SFO,ATL,JFK,12,9,14,16
22,VX,SFO,LAX,JFK,0,1,76,58
22,AA,SFO,PHX,JFK,86,67,3,8
22,B6,SFO,LAS,JFK,185,176,1,
22,VX,SFO,LAX,JFK,73,59,71,105
22,DL,SFO,LAX,JFK,75,52,-1,4
22,DL,SFO,LAX,JFK,75,52,33,30
22,VX,SFO,LAX,JFK,73,79,23,27
22,VX,SFO,LAX,JFK,73,79,71,105
22,AA,SFO,LAX,JFK,6,0,13,16
22,VX,SFO,LAX,JFK,2,-13,23,27
22,VX,SFO,LAX,JFK,2,-13,71,105
22,AA,SFO,LAX,JFK,61,52,-7,0
22,AA,SFO,LAX,JFK,61,52,67,75
22,DL,SFO,LAX,JFK,9,1,-1,4
22,B6,SFO,BOS,JFK,28,13,0,-7
22,AA,SFO,MIA,JFK,2,-14,12,2
22,B6,SFO,FLL,JFK,193,185,23,9
22,AA,SFO,CLT,JFK,19,42,7,11
22,DL,SFO,ATL,JFK,-5,0,3,-9
23,DL,SFO,ATL,JFK,1,-15,-1,-16
23,AA,SFO,CLT,JFK,-1,-6,28,27
23,AA,SFO,ORD,JFK,-1,-3,18,28
23,AA,SFO,DFW,JFK,-2,-33,33,70
23,DL,SFO,LAX,JFK,32,18,12,9
23,AA,SFO,PHX,JFK,-2,-9,4,13
23,AA,SFO,MIA,JFK,7,19,57,73
23,DL,SFO,ATL,JFK,31,8,3,-15
23,VX,SFO,LAX,JFK,-4,1,85,91
23,AA,SFO,DFW,JFK,56,62,58,162
23,VX,SFO,LAX,JFK,1,6,85,91
23,AA,SFO,ORD,JFK,9,-4,8,108
23,DL,SFO,LAX,JFK,-4,9,2,26
23,DL,SFO,LAX,JFK,-4,9,17,10
23,AA,SFO,DFW,JFK,-2,-28,58,162
23,B6,SFO,FLL,JFK,169,148,75,105
23,AA,SFO,DFW,JFK,22,14,58,162
23,AA,SFO,CLT,JFK,-3,-9,74,86
23,VX,SFO,LAX,JFK,5,-5,2,1
23,DL,SFO,DTW,JFK,9,-2,128,176
23,B6,SFO,BOS,JFK,101,107,195,204
23,B6,SFO,BOS,JFK,101,107,265,260
23,DL,SFO,ATL,JFK,-2,-36,59,129
23,AA,SFO,PHX,JFK,-6,-18,8,19
23,AA,SFO,MIA,JFK,-4,-27,50,61
23,VX,SFO,LAX,JFK,-2,0,45,57
23,AA,SFO,LAX,JFK,-1,13,-6,-11
23,AA,SFO,PHX,JFK,2,-10,12,-14
23,VX,SFO,LAX,JFK,36,30,32,13
23,DL,SFO,LAX,JFK,69,78,16,20
23,AS,SFO,SEA,JFK,1,-4,32,2
23,VX,SFO,LAX,JFK,2,7,32,13
23,VX,SFO,LAS,JFK,8,9,4,14
23,AA,SFO,LAX,JFK,32,15,-5,-4
23,AA,SFO,LAX,JFK,32,15,11,-8
23,VX,SFO,LAX,JFK,-2,-12,18,8
23,VX,SFO,LAX,JFK,-2,-12,32,13
23,AA,SFO,LAX,JFK,6,12,-5,-4
23,DL,SFO,LAX,JFK,23,28,16,20
23,B6,SFO,BOS,JFK,37,11,-5,-8
23,AA,SFO,MIA,JFK,12,-14,2,-9
23,DL,SFO,ATL,JFK,41,19,-2,-13
23,B6,SFO,FLL,JFK,14,2,-5,12
23,B6,SFO,FLL,JFK,14,2,6,5
23,AA,SFO,CLT,JFK,-3,-34,1,-7
23,DL,SFO,ATL,JFK,-3,-14,-2,-13
24,AA,SFO,DFW,JFK,1,-16,-3,-10
24,AA,SFO,PHX,JFK,-2,-3,-5,-36
24,DL,SFO,ATL,JFK,3,-2,114,101
24,AA,SFO,LAX,JFK,-4,-16,-7,-39
24,AA,SFO,MIA,JFK,71,42,22,21
24,DL,SFO,DTW,JFK,10,-24,-4,-16
24,VX,SFO,LAX,JFK,18,27,-3,-45
24,DL,SFO,ATL,JFK,-2,-19,114,101
24,AA,SFO,ORD,JFK,6,-28,177,153
24,DL,SFO,LAX,JFK,-3,-2,44,4
24,AA,SFO,PHX,JFK,0,-22,17,3
24,AA,SFO,ORD,JFK,5,-27,0,-17
24,AA,SFO,DFW,JFK,18,6,19,8
24,B6,SFO,FLL,JFK,50,50,-1,-6
24,B6,SFO,FLL,JFK,50,50,7,-5
24,B6,SFO,FLL,JFK,50,50,141,150
24,AA,SFO,ORD,JFK,9,-31,0,-17
24,DL,SFO,LAX,JFK,3,-3,42,15
24,DL,SFO,ATL,JFK,66,45,78,60
24,AA,SFO,PHX,JFK,7,-10,10,-20
24,VX,SFO,LAX,JFK,11,11,10,-15
24,DL,SFO,SLC,JFK,9,0,-4,-7
24,AA,SFO,LAX,JFK,-4,10,48,7
24,AA,SFO,PHX,JFK,10,-8,4,-27
24,AS,SFO,SEA,JFK,-6,-21,7,-7
24,VX,SFO,LAX,JFK,15,8,6,-8
24,VX,SFO,LAX,JFK,61,50,6,-8
24,B6,SFO,BOS,JFK,26,-21,-4,-4
24,AA,SFO,MIA,JFK,61,38,-5,-4
24,B6,SFO,FLL,JFK,-2,0,-1,3
24,B6,SFO,FLL,JFK,-2,0,-5,-1
24,AA,SFO,CLT,JFK,-1,-22,20,31
24,DL,SFO,ATL,JFK,82,77,26,95
25,AA,SFO,CLT,JFK,-1,-34,3,-4
25,AA,SFO,ORD,JFK,5,-18,0,-20
25,AA,SFO,DFW,JFK,-4,-23,0,-23
25,AA,SFO,DFW,JFK,5,-20,0,-23
25,AA,SFO,PHX,JFK,-3,-18,8,-20
25,DL,SFO,ATL,JFK,9,-15,1,-14
25,DL,SFO,ATL,JFK,9,-15,429,425
25,AA,SFO,MIA,JFK,5,-15,-7,-14
25,DL,SFO,DTW,JFK,-5,-38,0,-4
25,DL,SFO,LAX,JFK,-1,-2,78,81
25,VX,SFO,LAX,JFK,3,-2,0,-35
25,AA,SFO,CLT,JFK,-1,-9,95,87
25,DL,SFO,ATL,JFK,10,5,3,-14
25,VX,SFO,LAX,JFK,-2,-15,0,-35
25,B6,SFO,BOS,JFK,-3,-37,6,-7
25,DL,SFO,MSP,JFK,11,-4,8,3
25,DL,SFO,ATL,JFK,15,-5,3,-14
25,AA,SFO,PHX,JFK,12,-1,19,-19
25,AA,SFO,ORD,JFK,-3,-29,-2,-15
25,AA,SFO,DFW,JFK,-5,-17,7,-13
25,B6,SFO,FLL,JFK,-2,-4,-9,-17
25,AA,SFO,ORD,JFK,-3,-43,-2,-15
25,AA,SFO,CLT,JFK,-2,-22,-1,-5
25,DL,SFO,LAX,JFK,-2,-8,121,90
25,AA,SFO,PHX,JFK,3,-10,-11,-45
25,AA,SFO,MIA,JFK,-2,-19,-4,-28
25,VX,SFO,LAX,JFK,-1,7,2,-20
25,AA,SFO,CLT,JFK,10,2,37,27
25,AA,SFO,PHX,JFK,-3,-1,16,-21
25,VX,SFO,LAX,JFK,25,12,-3,-33
25,VX,SFO,LAX,JFK,-1,-14,-3,-33
25,VX,SFO,LAS,JFK,-3,13,-8,-36
25,DL,SFO,LAX,JFK,68,56,1,-14
25,VX,SFO,LAX,JFK,-5,5,0,-11
25,VX,SFO,LAX,JFK,6,-4,0,-11
25,B6,SFO,BOS,JFK,4,-15,-1,-5
25,AA,SFO,MIA,JFK,0,-10,10,-6
25,B6,SFO,FLL,JFK,-3,1,-2,-15
25,AA,SFO,CLT,JFK,-2,13,3,-4
25,AA,SFO,CLT,JFK,-2,13,27,12
25,B6,SFO,BOS,JFK,-11,-32,2,-3
25,B6,SFO,BOS,JFK,-11,-32,-4,-6
26,DL,SFO,ATL,JFK,-5,-10,14,9
26,AA,SFO,DFW,JFK,-2,25,35,31
26,DL,SFO,LAX,JFK,5,-11,7,12
26,AA,SFO,LAX,JFK,-6,-13,-5,2
26,VX,SFO,LAX,JFK,-1,8,4,3
26,DL,SFO,ATL,JFK,36,51,-1,-6
26,VX,SFO,LAX,JFK,0,15,4,3
26,B6,SFO,LAS,JFK,-1,-1,11,10
26,AA,SFO,DFW,JFK,-2,38,-3,93
26,AA,SFO,PHX,JFK,-7,-8,-5,16
26,DL,SFO,LAX,JFK,-5,-12,29,34
26,B6,SFO,FLL,JFK,1,5,12,12
26,B6,SFO,FLL,JFK,1,5,22,21
26,AA,SFO,CLT,JFK,-8,10,56,53
26,VX,SFO,LAX,JFK,-4,-9,1,7
26,DL,SFO,LAX,JFK,16,15,0,-8
26,AA,SFO,PHX,JFK,-2,-14,12,14
26,DL,SFO,ATL,JFK,0,4,8,-9
26,VX,SFO,LAX,JFK,0,-8,1,20
26,VX,SFO,LAX,JFK,0,-8,39,29
26,AS,SFO,SEA,JFK,-9,-10,-1,-26
26,AA,SFO,DFW,JFK,912,976,-3,93
26,AA,SFO,PHX,JFK,-3,-20,2,-8
26,B6,SFO,LAS,JFK,2,9,-2,0
26,AS,SFO,SEA,JFK,-5,-20,-1,-26
26,VX,SFO,LAS,JFK,10,13,-5,-10
26,B6,SFO,LGB,JFK,-6,-14,11,19
26,VX,SFO,LAX,JFK,36,52,8,8
26,B6,SFO,BOS,JFK,20,23,9,6
26,AA,SFO,MIA,JFK,-2,4,-4,-17
1,DL,SFO,MSP,JFK,-1,-4,0,-18
1,AA,SFO,CLT,JFK,-2,5,-1,-7
1,AA,SFO,ORD,JFK,7,1,90,88
1,AA,SFO,DFW,JFK,-7,-26,46,63
1,AA,SFO,PHX,JFK,-13,-32,44,32
1,DL,SFO,ATL,JFK,-2,-17,7,-7
1,DL,SFO,SLC,JFK,-6,-18,-2,0
1,AA,SFO,MIA,JFK,-3,-14,0,13
1,VX,SFO,LAX,JFK,13,11,35,11
1,AA,SFO,LAX,JFK,-8,-6,8,-11
1,DL,SFO,ATL,JFK,0,-17,7,1
1,B6,SFO,BOS,JFK,-7,-12,0,13
1,DL,SFO,LAX,JFK,-3,6,9,-15
1,DL,SFO,ATL,JFK,8,-7,7,1
1,AA,SFO,PHX,JFK,-6,-14,80,61
1,AA,SFO,ORD,JFK,17,8,11,24
1,AA,SFO,LAX,JFK,-5,-3,16,10
1,AA,SFO,LAX,JFK,-5,-3,18,2
1,B6,SFO,FLL,JFK,-2,10,14,-5
1,B6,SFO,FLL,JFK,-2,10,38,28
1,AA,SFO,DFW,JFK,15,-1,21,21
1,DL,SFO,LAX,JFK,13,1,7,-23
1,AA,SFO,ORD,JFK,1,-8,11,24
1,AA,SFO,CLT,JFK,-8,0,5,32
1,VX,SFO,LAX,JFK,-1,-3,18,-3
1,B6,SFO,BOS,JFK,-3,-22,20,18
1,DL,SFO,LAX,JFK,-3,-11,-3,-6
1,DL,SFO,LAX,JFK,-3,-11,7,-23
1,DL,SFO,ATL,JFK,0,-26,-1,-33
1,AA,SFO,PHX,JFK,-5,-6,-3,-25
1,VX,SFO,LAX,JFK,-4,-12,28,7
1,AA,SFO,PHX,JFK,-7,-7,0,-16
1,AS,SFO,SEA,JFK,-11,-15,-3,-2
1,AA,SFO,LAX,JFK,-5,-6,-8,6
1,DL,SFO,LAX,JFK,-4,-19,-2,-15
1,DL,SFO,LAX,JFK,-4,-19,1,-26
1,VX,SFO,LAX,JFK,-9,-17,-8,-5
1,AA,SFO,LAX,JFK,-6,-10,-5,29
1,AA,SFO,LAX,JFK,-6,-10,32,32
1,DL,SFO,LAX,JFK,-1,1,-2,-15
1,AA,SFO,LAX,JFK,-6,-24,-5,29
1,AA,SFO,LAX,JFK,-6,-24,32,32
1,B6,SFO,BOS,JFK,-3,-8,-9,-12
1,B6,SFO,BOS,JFK,-3,-8,-4,27
1,AA,SFO,CLT,JFK,-2,-10,-5,-11
1,B6,SFO,FLL,JFK,6,-8,-5,-14
1,DL,SFO,ATL,JFK,-3,-3,20,-8
2,AA,SFO,CLT,JFK,-7,-21,-2,-14
2,AA,SFO,ORD,JFK,-3,-6,16,
2,AA,SFO,DFW,JFK,-8,-21,3,
2,AA,SFO,PHX,JFK,-6,-19,4,2
2,DL,SFO,ATL,JFK,-2,-12,-1,-22
2,AA,SFO,MIA,JFK,0,-21,36,27
2,VX,SFO,LAX,JFK,-8,-15,6,7
2,AA,SFO,LAX,JFK,-5,-13,-3,1
2,B6,SFO,LAS,JFK,-4,-20,5,9
2,VX,SFO,LAX,JFK,-6,-12,6,7
2,B6,SFO,BOS,JFK,-7,-15,50,65
2,B6,SFO,BOS,JFK,-7,-15,242,252
2,DL,SFO,LAX,JFK,-5,24,15,7
2,DL,SFO,ATL,JFK,-1,-16,70,90
2,DL,SFO,LAX,JFK,-2,-6,15,7
2,AA,SFO,PHX,JFK,-7,-1,14,40
2,AA,SFO,ORD,JFK,13,24,31,57
2,AA,SFO,LAX,JFK,-6,-14,-7,20
2,B6,SFO,FLL,JFK,11,10,39,36
2,B6,SFO,FLL,JFK,11,10,132,138
2,AA,SFO,DFW,JFK,-6,-3,-1,17
2,DL,SFO,LAX,JFK,26,33,-2,7
2,AA,SFO,ORD,JFK,-4,-24,31,57
2,AA,SFO,CLT,JFK,-5,-15,8,17
2,DL,SFO,LAX,JFK,-3,-3,-1,-4
2,DL,SFO,ATL,JFK,1,-16,32,20
2,AA,SFO,PHX,JFK,0,-12,0,4
2,VX,SFO,LAX,JFK,-4,-5,68,72
2,AA,SFO,CLT,JFK,12,4,13,2
2,AA,SFO,LAX,JFK,0,2,256,235
2,DL,SFO,LAX,JFK,133,136,4,-1
2,AA,SFO,PHX,JFK,-9,-1,4,-9
2,AS,SFO,SEA,JFK,-8,-11,8,-11
2,AA,SFO,LAX,JFK,-6,-8,-5,4
2,AA,SFO,LAX,JFK,-6,-8,-10,4
2,DL,SFO,LAX,JFK,28,7,-2,-6
2,VX,SFO,LAX,JFK,-8,3,1,2
2,AA,SFO,LAX,JFK,-6,-26,-5,4
2,VX,SFO,LAX,JFK,-3,-1,1,2
2,B6,SFO,BOS,JFK,28,35,2,7
2,B6,SFO,BOS,JFK,28,35,7,15
2,AA,SFO,CLT,JFK,-3,-13,-3,-20
2,B6,SFO,FLL,JFK,1,-1,2,-5
2,DL,SFO,ATL,JFK,-2,-11,-1,-20
3,DL,SFO,MSP,JFK,-5,-7,-5,-7
3,AA,SFO,CLT,JFK,6,13,8,-10
3,AA,SFO,ORD,JFK,-2,-7,-1,28
3,AA,SFO,DFW,JFK,8,7,53,50
3,AA,SFO,PHX,JFK,-10,-5,4,0
3,DL,SFO,ATL,JFK,0,-3,-5,-22
3,AA,SFO,MIA,JFK,6,8,50,54
3,DL,SFO,LAX,JFK,-4,25,4,1
3,VX,SFO,LAX,JFK,-5,-1,-1,-15
3,AA,SFO,LAX,JFK,-7,-20,-5,-18
3,AA,SFO,LAX,JFK,-7,-20,45,34
3,B6,SFO,LAS,JFK,-5,-12,-2,3
3,DL,SFO,ATL,JFK,-3,-19,-1,-23
3,DL,SFO,LAX,JFK,-6,-2,4,1
3,B6,SFO,BOS,JFK,-2,8,-2,-13
3,AA,SFO,ORD,JFK,4,9,25,14
3,AA,SFO,LAX,JFK,-4,-5,-4,-9
3,AA,SFO,LAX,JFK,-4,-5,-5,-10
3,AA,SFO,CLT,JFK,80,91,2,-9
3,AA,SFO,PHX,JFK,12,17,-1,-1
3,B6,SFO,LGB,JFK,202,194,6,10
3,DL,SFO,LAX,JFK,147,164,14,4
3,DL,SFO,LAX,JFK,147,164,-2,-13
3,AS,SFO,SEA,JFK,35,26,-3,-8
3,DL,SFO,LAX,JFK,90,97,-2,-13
3,AA,SFO,PHX,JFK,4,2,9,14
3,B6,SFO,LAS,JFK,98,87,17,25
3,AA,SFO,LAX,JFK,111,110,-1,-5
3,VX,SFO,LAS,JFK,88,90,102,100
3,VX,SFO,LAX,JFK,27,21,-2,-7
3,DL,SFO,LAX,JFK,89,80,0,-15
3,DL,SFO,LAX,JFK,89,80,14,4
3,AA,SFO,LAX,JFK,100,79,-1,-5
3,AA,SFO,LAX,JFK,26,21,-1,-5
3,B6,SFO,BOS,JFK,77,78,-2,-3
3,AA,SFO,CLT,JFK,0,-1,-1,-27
3,B6,SFO,FLL,JFK,55,42,-7,-21
3,DL,SFO,ATL,JFK,5,-1,-2,-25
4,AA,SFO,CLT,JFK,0,3,-4,-14
4,AA,SFO,ORD,JFK,3,-14,-2,2
4,AA,SFO,DFW,JFK,-4,-20,0,-20
4,AA,SFO,PHX,JFK,-8,-16,0,24
4,DL,SFO,ATL,JFK,-3,-13,26,2
4,AA,SFO,MIA,JFK,-1,-20,18,11
4,VX,SFO,LAX,JFK,0,2,4,-17
4,AA,SFO,LAX,JFK,-1,1,58,56
4,B6,SFO,LAS,JFK,-1,-12,0,-3
4,DL,SFO,ATL,JFK,0,-10,9,-20
4,VX,SFO,LAX,JFK,-2,8,4,-17
4,B6,SFO,BOS,JFK,1,21,-2,-5
4,B6,SFO,BOS,JFK,1,21,-6,-7
4,DL,SFO,LAX,JFK,47,40,-2,-9
4,DL,SFO,ATL,JFK,-1,-22,9,-20
4,DL,SFO,LAX,JFK,-5,-9,-2,-9
4,AA,SFO,PHX,JFK,17,11,-4,-11
4,AA,SFO,ORD,JFK,-7,-28,-7,-1
4,AA,SFO,LAX,JFK,-4,-13,-6,-13
4,AA,SFO,LAX,JFK,-4,-13,28,10
4,AA,SFO,DFW,JFK,-4,-20,-1,-2
4,DL,SFO,LAX,JFK,-2,-9,33,1
4,AA,SFO,ORD,JFK,-5,-26,-7,-1
4,AA,SFO,CLT,JFK,-4,-11,-2,29
4,DL,SFO,LAX,JFK,-1,-8,-7,-22
4,DL,SFO,LAX,JFK,-1,-8,33,1
4,DL,SFO,ATL,JFK,0,-19,-1,-25
4,AA,SFO,PHX,JFK,-7,-4,-7,4
4,VX,SFO,LAX,JFK,-4,0,-2,14
4,AS,SFO,SEA,JFK,-5,4,-9,-16
4,DL,SFO,LAX,JFK,19,12,-5,16
4,AA,SFO,PHX,JFK,-5,-5,-4,-5
4,B6,SFO,LAS,JFK,15,8,-6,-5
4,AS,SFO,SEA,JFK,-15,-10,-9,-16
4,AA,SFO,LAX,JFK,-2,-9,17,4
4,AA,SFO,LAX,JFK,-2,-9,-6,13
4,VX,SFO,LAS,JFK,12,11,-8,3
4,DL,SFO,LAX,JFK,10,3,-7,-8
4,VX,SFO,LAX,JFK,-4,0,-2,1
4,AA,SFO,LAX,JFK,2,-5,-4,-9
4,AA,SFO,LAX,JFK,2,-5,17,4
4,DL,SFO,LAX,JFK,2,-13,-9,-9
4,DL,SFO,LAX,JFK,2,-13,-7,-8
4,AA,SFO,LAX,JFK,-5,-9,-4,-9
4,VX,SFO,LAX,JFK,-7,-4,-2,1
4,DL,SFO,LAX,JFK,16,9,-9,-9
4,B6,SFO,BOS,JFK,-5,3,-9,-17
4,B6,SFO,BOS,JFK,-5,3,-4,-13
4,DL,SFO,ATL,JFK,16,9,-2,-30
4,B6,SFO,BOS,JFK,-9,-11,-2,-5
5,DL,SFO,MSP,JFK,-4,-20,2,-11
5,AA,SFO,CLT,JFK,-5,-19,2,-11
5,AA,SFO,MIA,JFK,43,39,113,97
5,AA,SFO,DFW,JFK,-7,-2,19,9
5,AA,SFO,PHX,JFK,-6,-18,-8,-4
5,DL,SFO,ATL,JFK,-3,-12,-2,-28
5,AA,SFO,MIA,JFK,-7,-12,21,24
5,VX,SFO,LAX,JFK,-5,-9,-4,-7
5,AA,SFO,LAX,JFK,-6,-17,-6,-11
5,B6,SFO,LAS,JFK,1,-15,-2,0
5,VX,SFO,LAX,JFK,-2,-11,-4,-7
5,DL,SFO,LAX,JFK,-4,-11,-3,16
5,DL,SFO,ATL,JFK,-5,-25,-1,-18
5,AA,SFO,PHX,JFK,-14,-21,-3,1
5,AA,SFO,ORD,JFK,5,-11,-7,-11
5,AA,SFO,LAX,JFK,-4,-15,4,14
5,AA,SFO,LAX,JFK,-4,-15,-5,-2
5,B6,SFO,FLL,JFK,0,-6,-1,-3
5,B6,SFO,FLL,JFK,0,-6,0,-7
5,AA,SFO,DFW,JFK,-7,-27,-3,6
5,AA,SFO,ORD,JFK,-2,-22,-7,-11
5,VX,SFO,LAX,JFK,-3,-12,-1,2
5,DL,SFO,ATL,JFK,-5,-21,-1,-23
5,DL,SFO,LAX,JFK,2,10,64,47
5,AA,SFO,PHX,JFK,-6,-13,-7,-7
5,AA,SFO,CLT,JFK,11,-5,3,7
5,AS,SFO,SEA,JFK,-4,-3,0,-23
5,B6,SFO,LAS,JFK,7,-11,-7,-12
5,AS,SFO,SEA,JFK,-16,-26,0,-23
5,AA,SFO,LAX,JFK,-9,-29,-5,-9
5,AA,SFO,LAX,JFK,-10,-16,-10,-13
5,AA,SFO,LAX,JFK,-10,-16,13,8
5,VX,SFO,LAS,JFK,-5,-15,-1,-6
5,AA,SFO,LAX,JFK,-3,-19,-10,-13
5,AA,SFO,LAX,JFK,-3,-19,13,8
5,B6,SFO,BOS,JFK,-5,-6,-7,-17
5,B6,SFO,BOS,JFK,-5,-6,-10,-14
5,B6,SFO,FLL,JFK,27,19,-4,-18
5,DL,SFO,ATL,JFK,-2,-8,-3,-17
6,AA,SFO,DFW,JFK,-7,-21,-4,-20
6,AA,SFO,PHX,JFK,-4,-9,9,12
6,DL,SFO,ATL,JFK,2,-10,-1,-24
6,AA,SFO,MIA,JFK,3,-12,1,6
6,AA,SFO,LAX,JFK,77,63,-5,-7
6,B6,SFO,LAS,JFK,24,13,2,-5
6,DL,SFO,ATL,JFK,-1,-10,-1,-14
6,VX,SFO,LAX,JFK,-6,-5,0,5
6,B6,SFO,BOS,JFK,4,1,10,-2
6,DL,SFO,LAX,JFK,-1,-3,9,-4
6,DL,SFO,ATL,JFK,-5,-10,-1,-14
6,DL,SFO,LAX,JFK,-3,5,9,-4
6,AA,SFO,PHX,JFK,18,8,-1,6
6,AA,SFO,ORD,JFK,1,-1,-2,-11
6,B6,SFO,FLL,JFK,72,71,0,-15
6,AA,SFO,DFW,JFK,-3,-11,-4,-8
6,AA,SFO,PHX,JFK,-3,-5,2,-1
6,DL,SFO,LAX,JFK,88,77,-1,-2
6,AA,SFO,CLT,JFK,16,5,-5,-4
6,VX,SFO,LAX,JFK,52,46,10,21
6,DL,SFO,LAX,JFK,58,60,-1,-2
6,DL,SFO,ATL,JFK,1,-7,-3,-29
6,VX,SFO,LAX,JFK,11,2,10,21
6,AS,SFO,SEA,JFK,58,60,6,-15
6,DL,SFO,LAX,JFK,3,18,-6,7
6,AA,SFO,PHX,JFK,8,2,-1,-8
6,B6,SFO,LAS,JFK,62,46,-2,-11
6,AS,SFO,SEA,JFK,18,21,6,-15
6,AA,SFO,LAX,JFK,45,39,-6,5
6,AA,SFO,LAX,JFK,45,39,-7,10
6,VX,SFO,LAS,JFK,25,32,56,50
6,VX,SFO,LAX,JFK,17,22,3,6
6,DL,SFO,LAX,JFK,43,28,-6,3
6,DL,SFO,LAX,JFK,43,28,-3,-5
6,VX,SFO,LAX,JFK,17,53,3,6
6,AA,SFO,LAX,JFK,-2,18,-6,5
6,AA,SFO,LAX,JFK,-2,18,-7,10
6,DL,SFO,LAX,JFK,12,13,-6,3
6,DL,SFO,LAX,JFK,12,13,-3,-5
6,AA,SFO,LAX,JFK,21,-1,-6,5
6,B6,SFO,BOS,JFK,7,3,-3,-9
6,B6,SFO,BOS,JFK,7,3,-10,-26
6,B6,SFO,FLL,JFK,91,85,15,2
6,DL,SFO,ATL,JFK,31,35,-2,-12
6,DL,SFO,ATL,JFK,31,35,-1,-17
7,DL,SFO,MSP,JFK,-3,-15,-2,-6
7,AA,SFO,CLT,JFK,-10,-14,3,-7
7,AA,SFO,ORD,JFK,1,4,19,19
7,AA,SFO,DFW,JFK,-6,-11,2,-1
7,AA,SFO,PHX,JFK,3,-4,-4,2
7,DL,SFO,ATL,JFK,-1,-3,2,-19
7,AA,SFO,MIA,JFK,-10,-4,5,2
7,VX,SFO,LAX,JFK,-3,-2,-3,7
7,AA,SFO,LAX,JFK,-4,-8,-3,9
7,DL,SFO,ATL,JFK,0,-10,0,-13
7,VX,SFO,LAX,JFK,10,10,-3,7
7,B6,SFO,BOS,JFK,5,18,-6,-13
7,B6,SFO,BOS,JFK,5,18,2,1
7,DL,SFO,LAX,JFK,39,27,4,18
7,DL,SFO,ATL,JFK,-1,-13,0,-13
7,AA,SFO,PHX,JFK,-5,-3,1,13
7,AA,SFO,ORD,JFK,0,0,-9,-18
7,AA,SFO,LAX,JFK,41,45,-8,-3
7,B6,SFO,FLL,JFK,67,82,5,-7
7,AA,SFO,DFW,JFK,0,-4,-4,3
7,DL,SFO,LAX,JFK,-2,-6,-11,-9
7,AA,SFO,ORD,JFK,-6,-18,-9,-18
7,VX,SFO,LAX,JFK,68,57,-4,12
7,DL,SFO,LAX,JFK,18,16,-11,-4
7,DL,SFO,ATL,JFK,-4,-14,-1,-22
7,AA,SFO,PHX,JFK,-7,-8,-1,3
7,VX,SFO,LAX,JFK,-3,-2,-4,12
26,B6,SFO,FLL,JFK,2,18,-6,-15
26,B6,SFO,FLL,JFK,2,18,0,-4
26,AA,SFO,CLT,JFK,-2,28,-1,15
27,DL,SFO,ATL,JFK,6,27,-3,-5
27,AA,SFO,PHX,JFK,-4,-18,1,0
27,VX,SFO,LAX,JFK,125,128,3,-9
27,AA,SFO,LAX,JFK,0,-16,-5,0
27,AA,SFO,LAX,JFK,0,-16,10,0
27,AA,SFO,MIA,JFK,45,19,30,37
27,DL,SFO,ATL,JFK,76,82,30,23
27,DL,SFO,LAX,JFK,114,113,35,22
27,AA,SFO,PHX,JFK,4,8,-1,3
27,DL,SFO,LAX,JFK,-4,21,35,22
27,B6,SFO,FLL,JFK,2,27,32,37
27,AA,SFO,CLT,JFK,22,47,14,6
27,B6,SFO,BOS,JFK,39,18,107,99
27,B6,SFO,BOS,JFK,39,18,201,187
27,DL,SFO,LAX,JFK,-6,-8,72,51
27,DL,SFO,ATL,JFK,0,3,20,20
27,AA,SFO,PHX,JFK,3,0,9,11
27,AA,SFO,MIA,JFK,9,4,117,100
27,DL,SFO,MSP,JFK,-2,-17,69,57
27,VX,SFO,LAX,JFK,2,7,12,-1
27,AA,SFO,CLT,JFK,1,18,14,6
27,AS,SFO,SEA,JFK,0,9,8,-25
27,AA,SFO,PHX,JFK,-4,6,3,-12
27,B6,SFO,LAS,JFK,-10,-12,0,6
27,VX,SFO,LAX,JFK,86,78,2,-1
27,DL,SFO,LAX,JFK,99,92,12,24
27,AS,SFO,SEA,JFK,-6,-7,8,-25
27,VX,SFO,LAS,JFK,121,117,59,75
27,AA,SFO,LAX,JFK,-4,-13,7,-4
27,AA,SFO,LAX,JFK,-4,-13,-3,-11
27,B6,SFO,LGB,JFK,45,37,130,125
27,B6,SFO,BOS,JFK,126,120,-8,-14
27,AA,SFO,MIA,JFK,40,24,-1,-18
27,DL,SFO,ATL,JFK,14,30,4,10
27,B6,SFO,FLL,JFK,14,7,7,18
27,AA,SFO,CLT,JFK,5,28,2,24
27,DL,SFO,ATL,JFK,1,21,4,10
28,AA,SFO,MIA,JFK,98,87,-1,-2
28,AA,SFO,DFW,JFK,0,-17,86,78
28,DL,SFO,LAX,JFK,-1,-13,6,-31
28,AA,SFO,PHX,JFK,-3,-15,-1,-16
28,DL,SFO,ATL,JFK,11,19,27,8
28,AA,SFO,MIA,JFK,-1,-16,-5,-18
28,AA,SFO,DFW,JFK,6,-10,86,78
28,VX,SFO,LAX,JFK,9,4,11,7
28,AA,SFO,ORD,JFK,-5,121,287,276
28,DL,SFO,LAX,JFK,-2,-13,-1,-11
28,B6,SFO,LAS,JFK,1,-4,-10,-33
28,B6,SFO,BOS,JFK,-5,-1,1,-3
28,DL,SFO,ATL,JFK,1,-16,15,7
28,AA,SFO,PHX,JFK,-5,-16,10,-5
28,DL,SFO,LAX,JFK,-4,9,-5,16
28,DL,SFO,LAX,JFK,-4,9,-1,-33
28,B6,SFO,FLL,JFK,20,25,-2,-7
28,B6,SFO,FLL,JFK,20,25,5,-7
28,AA,SFO,CLT,JFK,35,36,3,0
28,VX,SFO,LAX,JFK,12,9,-3,19
28,VX,SFO,LAX,JFK,12,9,41,31
28,DL,SFO,LAX,JFK,13,28,0,-12
28,AA,SFO,MIA,JFK,-3,-5,9,9
28,VX,SFO,LAX,JFK,-6,5,-3,19
28,DL,SFO,DTW,JFK,-4,19,217,201
28,AA,SFO,DFW,JFK,1145,1143,20,16
28,DL,SFO,ATL,JFK,-1,-7,351,324
28,AA,SFO,LAX,JFK,74,57,-2,-15
28,AA,SFO,PHX,JFK,16,8,3,-15
28,B6,SFO,LAS,JFK,-1,-8,-1,-11
28,VX,SFO,LAX,JFK,18,9,18,9
28,DL,SFO,LAX,JFK,28,12,-1,-26
28,VX,SFO,LAX,JFK,-3,-14,18,9
28,VX,SFO,LAS,JFK,9,10,0,-17
28,AA,SFO,LAX,JFK,-3,-3,-2,-15
28,B6,SFO,LGB,JFK,6,-5,42,31
28,VX,SFO,LAX,JFK,-6,-9,12,7
28,VX,SFO,LAX,JFK,-6,-9,18,9
28,AA,SFO,LAX,JFK,10,8,-4,-7
28,VX,SFO,LAX,JFK,1,-5,12,7
28,B6,SFO,BOS,JFK,-10,-10,6,-1
28,AA,SFO,MIA,JFK,130,120,13,-5
28,B6,SFO,FLL,JFK,4,5,-7,-19
28,B6,SFO,FLL,JFK,4,5,-7,-7
28,AA,SFO,CLT,JFK,-5,-16,0,-17
28,DL,SFO,ATL,JFK,159,156,-2,-4
29,AA,SFO,CLT,JFK,-1,-3,6,2
29,DL,SFO,LAX,JFK,10,-2,0,-20
29,DL,SFO,ATL,JFK,7,-7,8,-13
29,AA,SFO,LAX,JFK,-3,-22,-3,-33
29,AA,SFO,MIA,JFK,-2,30,2,-8
29,DL,SFO,ATL,JFK,16,16,13,-5
29,DL,SFO,LAX,JFK,-5,-14,3,-19
29,VX,SFO,LAX,JFK,-3,-11,48,16
29,B6,SFO,LAS,JFK,2,-10,6,-8
29,DL,SFO,ATL,JFK,6,-9,13,-5
29,DL,SFO,LAX,JFK,-3,2,0,-15
29,DL,SFO,LAX,JFK,-3,2,1,-15
29,AA,SFO,DFW,JFK,-2,-22,2,-24
29,B6,SFO,FLL,JFK,-7,29,11,-5
29,B6,SFO,FLL,JFK,-7,29,226,206
29,AA,SFO,ORD,JFK,-1,-7,42,9
29,AA,SFO,CLT,JFK,-3,-5,51,49
29,VX,SFO,LAX,JFK,2,-8,5,-11
29,DL,SFO,DTW,JFK,3,-11,104,91
29,DL,SFO,ATL,JFK,1,-16,11,-3
29,AA,SFO,PHX,JFK,1,-6,-3,-26
29,AA,SFO,MIA,JFK,-5,12,125,95
29,VX,SFO,LAX,JFK,3,-3,3,-22
29,AA,SFO,CLT,JFK,-3,-1,7,19
29,DL,SFO,LAX,JFK,14,9,22,-4
29,AA,SFO,LAX,JFK,-4,-2,42,18
29,DL,SFO,SLC,JFK,295,281,2,-11
29,B6,SFO,LAS,JFK,10,1,6,-15
29,VX,SFO,LAX,JFK,39,35,14,-9
29,DL,SFO,LAX,JFK,11,12,35,15
29,AS,SFO,SEA,JFK,-6,-15,3,-17
29,VX,SFO,LAX,JFK,-1,-10,14,-9
29,VX,SFO,LAS,JFK,8,4,13,-9
29,AA,SFO,LAX,JFK,96,99,-5,2
29,VX,SFO,LAX,JFK,-3,4,31,7
29,VX,SFO,LAS,JFK,-2,-13,13,-9
29,AA,SFO,LAX,JFK,-1,34,-5,2
29,DL,SFO,LAX,JFK,374,352,6,-24
29,VX,SFO,LAX,JFK,11,22,31,7
29,B6,SFO,BOS,JFK,141,132,168,214
29,AA,SFO,MIA,JFK,-2,-16,37,33
29,B6,SFO,FLL,JFK,25,30,-6,1
29,B6,SFO,FLL,JFK,25,30,-4,-4
29,AA,SFO,CLT,JFK,-2,-19,33,29
30,AA,SFO,CLT,JFK,-5,1,27,24
30,AA,SFO,DFW,JFK,13,-9,-3,-13
30,DL,SFO,LAX,JFK,3,-9,7,-27
30,AA,SFO,PHX,JFK,-3,-27,2,-27
30,DL,SFO,ATL,JFK,14,5,58,41
30,AA,SFO,LAX,JFK,-2,-12,3,-36
30,AA,SFO,LAX,JFK,-2,-12,-4,-19
30,AA,SFO,MIA,JFK,-3,-26,3,10
30,VX,SFO,LAX,JFK,-3,-14,4,-23
30,VX,SFO,LAX,JFK,0,-7,4,-23
30,AA,SFO,PHX,JFK,-7,-25,31,15
30,DL,SFO,LAX,JFK,0,55,0,-36
30,AA,SFO,DFW,JFK,-5,-31,-2,-19
30,B6,SFO,FLL,JFK,27,22,10,-5
30,B6,SFO,FLL,JFK,27,22,37,30
30,AA,SFO,ORD,JFK,6,-17,95,69
30,AA,SFO,CLT,JFK,7,-13,17,12
30,VX,SFO,LAX,JFK,0,-6,3,1
30,DL,SFO,LAX,JFK,72,76,10,-20
30,DL,SFO,ATL,JFK,3,-32,27,8
30,DL,SFO,ATL,JFK,3,-32,172,148
30,AA,SFO,PHX,JFK,-7,-19,41,4
30,AA,SFO,MIA,JFK,-8,-24,12,-17
30,B6,SFO,LAS,JFK,-1,-15,215,179
30,VX,SFO,LAX,JFK,-3,3,-1,-14
30,AA,SFO,PHX,JFK,48,42,28,-4
30,VX,SFO,LAX,JFK,38,34,16,6
30,DL,SFO,LAX,JFK,79,72,42,2
30,VX,SFO,LAX,JFK,26,29,16,6
30,VX,SFO,LAS,JFK,20,16,23,-1
30,AA,SFO,LAX,JFK,-5,-19,25,-27
30,AA,SFO,LAX,JFK,-5,-19,21,4
30,AS,SFO,SEA,JFK,-2,0,111,86
30,VX,SFO,LAX,JFK,2,9,26,-10
30,VX,SFO,LAS,JFK,-3,-4,23,-1
30,B6,SFO,BOS,JFK,33,3,2,-3
30,AA,SFO,MIA,JFK,3,-23,1,4
30,B6,SFO,FLL,JFK,475,464,11,-9
30,B6,SFO,FLL,JFK,475,464,2,-22
30,AA,SFO,CLT,JFK,-1,-37,-1,-5
30,DL,SFO,ATL,JFK,5,-11,14,-3
31,AA,SFO,CLT,JFK,8,-21,4,-9
31,AA,SFO,ORD,JFK,-2,-21,13,4
31,AA,SFO,DFW,JFK,5,-19,-1,-32
31,AA,SFO,PHX,JFK,-6,-17,58,3
31,DL,SFO,ATL,JFK,-2,-26,0,-20
31,AA,SFO,MIA,JFK,-2,-12,-2,-5
31,VX,SFO,LAX,JFK,6,3,-1,-38
31,DL,SFO,ATL,JFK,7,-16,-3,-16
31,DL,SFO,LAX,JFK,-1,5,29,-16
31,B6,SFO,LAS,JFK,-8,-15,0,-37
31,DL,SFO,ATL,JFK,-6,-32,-3,-16
31,AA,SFO,PHX,JFK,-4,-2,38,-5
31,DL,SFO,LAX,JFK,46,46,-1,-38
31,AA,SFO,DFW,JFK,-4,-30,1,-10
31,B6,SFO,FLL,JFK,-4,-17,6,0
31,B6,SFO,FLL,JFK,-4,-17,57,49
31,AA,SFO,ORD,JFK,-7,-40,-3,-35
31,AA,SFO,CLT,JFK,3,-31,3,1
31,VX,SFO,LAX,JFK,-4,-10,-2,-31
31,DL,SFO,LAX,JFK,-9,-12,-1,-38
31,DL,SFO,ATL,JFK,-4,-30,3,-16
31,AA,SFO,PHX,JFK,-3,-5,1,-41
31,VX,SFO,LAX,JFK,29,22,145,122
31,AS,SFO,SEA,JFK,88,80,-8,-30
31,B6,SFO,LAS,JFK,12,-2,-5,-35
31,AA,SFO,MIA,JFK,-7,-24,-7,-20
31,B6,SFO,FLL,JFK,-11,-2,-2,-12
31,B6,SFO,FLL,JFK,-11,-2,15,0
31,DL,SFO,ATL,JFK,3,-21,9,-7
14,AA,SFO,MIA,JFK,-3,-11,35,34
14,VX,SFO,LAX,JFK,14,0,0,-28
14,AA,SFO,LAX,JFK,-8,-15,-5,-22
14,DL,SFO,LAX,JFK,108,102,13,-10
14,B6,SFO,LAS,JFK,-6,1,4,-21
14,VX,SFO,LAX,JFK,-1,11,0,-28
14,B6,SFO,BOS,JFK,-8,-26,195,194
14,DL,SFO,LAX,JFK,39,16,13,-10
14,DL,SFO,ATL,JFK,0,-12,35,26
14,DL,SFO,LAX,JFK,0,11,13,-10
14,AA,SFO,PHX,JFK,-5,8,33,78
14,AA,SFO,ORD,JFK,26,3,8,21
14,B6,SFO,FLL,JFK,13,10,67,67
14,AA,SFO,DFW,JFK,-1,-24,9,16
14,DL,SFO,LAX,JFK,2,0,10,-4
14,AA,SFO,ORD,JFK,-2,-21,8,21
14,AA,SFO,CLT,JFK,0,-13,9,27
14,VX,SFO,LAX,JFK,0,2,62,40
14,B6,SFO,BOS,JFK,13,13,62,67
14,B6,SFO,BOS,JFK,13,13,68,69
14,B6,SFO,BOS,JFK,13,13,124,133
14,DL,SFO,LAX,JFK,0,-2,0,-30
14,DL,SFO,ATL,JFK,-1,-18,0,0
14,VX,SFO,LAX,JFK,-6,-11,66,52
14,AS,SFO,SEA,JFK,-16,-4,-2,-21
14,DL,SFO,LAX,JFK,60,49,0,-31
14,AS,SFO,SEA,JFK,-17,-2,-2,-21
14,AA,SFO,LAX,JFK,-14,-7,-2,-40
14,AA,SFO,LAX,JFK,-14,-7,15,6
14,VX,SFO,LAX,JFK,85,85,20,-12
14,DL,SFO,LAX,JFK,-3,9,-1,-35
14,VX,SFO,LAX,JFK,25,35,20,-12
14,AA,SFO,LAX,JFK,-6,19,-2,-40
14,DL,SFO,LAX,JFK,4,7,1,-39
14,DL,SFO,LAX,JFK,4,7,-1,-35
14,VX,SFO,LAX,JFK,-4,5,20,-12
14,B6,SFO,BOS,JFK,-1,-7,-1,2
14,AA,SFO,CLT,JFK,-5,-15,14,13
14,B6,SFO,FLL,JFK,8,10,-5,-4
14,DL,SFO,ATL,JFK,-9,6,5,0
15,DL,SFO,MSP,JFK,0,-3,-4,-27
15,AA,SFO,CLT,JFK,-3,-2,-2,7
15,AA,SFO,ORD,JFK,-6,-17,-4,-31
15,AA,SFO,PHX,JFK,-5,-24,-1,-34
15,DL,SFO,ATL,JFK,2,-8,1,-13
15,AA,SFO,MIA,JFK,2,-11,-1,-20
15,VX,SFO,LAX,JFK,5,0,23,-1
15,AA,SFO,LAX,JFK,1,-10,-7,-34
15,B6,SFO,LAS,JFK,-7,-4,7,-14
15,DL,SFO,ATL,JFK,0,-10,-2,14
15,VX,SFO,LAX,JFK,6,5,23,-1
15,B6,SFO,BOS,JFK,-2,-4,-2,-8
15,DL,SFO,LAX,JFK,5,-14,5,-19
15,DL,SFO,ATL,JFK,2,-11,-2,14
15,DL,SFO,LAX,JFK,-2,-7,5,-19
15,AA,SFO,PHX,JFK,-1,1,-4,-43
15,AA,SFO,ORD,JFK,-3,-14,-5,-23
15,AA,SFO,LAX,JFK,-7,-18,-4,-31
15,AA,SFO,LAX,JFK,-7,-18,19,-3
15,B6,SFO,FLL,JFK,-2,-13,48,33
15,B6,SFO,FLL,JFK,-2,-13,87,73
15,AA,SFO,DFW,JFK,-2,-17,-1,-10
15,AA,SFO,DFW,JFK,-2,-17,387,363
15,DL,SFO,LAX,JFK,-3,11,-5,-34
15,AA,SFO,ORD,JFK,-6,-12,-5,-23
15,AA,SFO,CLT,JFK,-4,-14,7,-1
15,VX,SFO,LAX,JFK,-1,-11,-4,-33
15,AA,SFO,DFW,JFK,-2,-15,387,363
15,DL,SFO,LAX,JFK,-2,-5,-6,-23
15,DL,SFO,ATL,JFK,-2,-21,-3,-24
15,AA,SFO,PHX,JFK,-5,-14,-1,-34
15,VX,SFO,LAX,JFK,-6,-11,8,-3
15,AA,SFO,LAX,JFK,-3,-22,-6,-26
15,AS,SFO,SEA,JFK,-11,3,-5,-38
15,AS,SFO,SEA,JFK,-10,-7,-5,-38
15,AA,SFO,LAX,JFK,-8,-17,-5,-43
15,AA,SFO,LAX,JFK,-8,-17,-4,-8
15,VX,SFO,LAX,JFK,23,16,0,-15
15,DL,SFO,LAX,JFK,-5,-21,0,-28
15,DL,SFO,LAX,JFK,-5,-21,-1,-9
15,VX,SFO,LAX,JFK,-5,-1,0,-15
15,AA,SFO,LAX,JFK,-3,-14,-5,-18
15,AA,SFO,LAX,JFK,-3,-14,-5,-43
15,DL,SFO,LAX,JFK,-2,-10,0,-28
15,AA,SFO,LAX,JFK,-6,-18,-5,-18
15,B6,SFO,BOS,JFK,0,-12,39,49
15,AA,SFO,CLT,JFK,-3,-13,-4,-23
15,B6,SFO,FLL,JFK,-1,-8,0,2
15,DL,SFO,ATL,JFK,-3,-9,-2,-19
16,AA,SFO,ORD,JFK,2,-13,-4,-21
16,AA,SFO,DFW,JFK,-3,-17,0,-25
16,DL,SFO,ATL,JFK,-1,-18,-1,-29
16,AA,SFO,MIA,JFK,2,-13,-5,-7
16,VX,SFO,LAX,JFK,1,2,-1,-23
16,B6,SFO,LAS,JFK,4,5,-6,-30
16,DL,SFO,ATL,JFK,2,-8,0,-21
16,VX,SFO,LAX,JFK,4,8,-1,-23
16,B6,SFO,BOS,JFK,-1,-16,-4,-3
16,DL,SFO,LAX,JFK,0,5,20,11
16,DL,SFO,ATL,JFK,-1,-23,0,-21
16,DL,SFO,LAX,JFK,9,37,0,-18
16,AA,SFO,PHX,JFK,0,-17,-3,-30
16,AA,SFO,ORD,JFK,-2,-20,-8,-23
16,AA,SFO,LAX,JFK,0,2,8,19
16,AA,SFO,LAX,JFK,0,2,-4,-19
16,B6,SFO,FLL,JFK,121,109,39,35
16,AA,SFO,DFW,JFK,-1,-10,3,-17
16,DL,SFO,LAX,JFK,-2,15,0,-18
16,AA,SFO,ORD,JFK,-2,-33,-8,-23
16,AA,SFO,CLT,JFK,23,15,-1,-8
16,VX,SFO,LAX,JFK,-4,-10,2,-24
16,DL,SFO,LAX,JFK,39,29,-5,-36
16,DL,SFO,ATL,JFK,0,-19,-1,-30
16,AA,SFO,PHX,JFK,0,-16,-8,-33
16,VX,SFO,LAX,JFK,-3,-7,16,3
16,AA,SFO,CLT,JFK,10,-2,-1,-8
16,AA,SFO,PHX,JFK,-7,-14,0,-15
16,AS,SFO,SEA,JFK,-4,-14,14,4
16,AA,SFO,LAX,JFK,-3,-6,3,-27
16,AA,SFO,LAX,JFK,-3,-6,-6,-14
16,DL,SFO,LAX,JFK,5,-7,-1,-28
16,DL,SFO,LAX,JFK,5,-7,-1,-26
16,B6,SFO,LGB,JFK,1,-1,8,15
16,VX,SFO,LAX,JFK,-4,14,2,-12
16,AA,SFO,LAX,JFK,-3,-9,-3,-12
16,AA,SFO,LAX,JFK,-3,-9,3,-27
16,AA,SFO,LAX,JFK,-4,-14,-3,-12
16,VX,SFO,LAX,JFK,-5,-4,2,-12
16,B6,SFO,BOS,JFK,21,4,43,44
16,AA,SFO,CLT,JFK,-4,-27,-1,-15
16,B6,SFO,FLL,JFK,0,7,29,28
16,DL,SFO,ATL,JFK,74,57,-4,-17
17,DL,SFO,MSP,JFK,25,16,24,26
17,AA,SFO,CLT,JFK,-4,-12,0,0
17,AA,SFO,MIA,JFK,3,-14,-1,-18
17,AA,SFO,DFW,JFK,-1,2,-2,-27
17,AA,SFO,PHX,JFK,-3,-17,-4,2
17,DL,SFO,ATL,JFK,2,-15,-2,-9
17,AA,SFO,MIA,JFK,17,-7,46,52
17,VX,SFO,LAX,JFK,0,2,21,6
17,AA,SFO,LAX,JFK,5,2,30,28
17,DL,SFO,LAX,JFK,-3,17,16,4
17,VX,SFO,LAX,JFK,0,-3,21,6
17,DL,SFO,LAX,JFK,-3,16,16,4
17,DL,SFO,ATL,JFK,1,-18,52,44
17,DL,SFO,LAX,JFK,5,14,16,4
17,AA,SFO,PHX,JFK,-2,-3,81,52
17,AA,SFO,ORD,JFK,1,-7,300,290
17,AA,SFO,DFW,JFK,-2,-17,17,-3
17,B6,SFO,FLL,JFK,5,20,85,61
17,DL,SFO,LAX,JFK,-1,-10,-7,-17
17,AA,SFO,ORD,JFK,0,5,85,69
17,AA,SFO,CLT,JFK,-2,-12,25,13
17,VX,SFO,LAX,JFK,-2,3,82,80
17,DL,SFO,DTW,JFK,1,11,55,35
17,DL,SFO,LAX,JFK,-1,5,-3,-11
17,DL,SFO,ATL,JFK,-2,-15,57,23
17,AA,SFO,PHX,JFK,4,-3,36,36
17,AA,SFO,MIA,JFK,10,-8,-1,-5
17,VX,SFO,LAX,JFK,-5,-9,0,-6
17,AA,SFO,CLT,JFK,-1,-2,-1,0
17,AA,SFO,LAX,JFK,-3,-11,55,36
17,AS,SFO,SEA,JFK,9,8,0,-27
17,AA,SFO,PHX,JFK,-1,-10,2,-7
17,AS,SFO,SEA,JFK,-8,-12,0,-27
17,VX,SFO,LAS,JFK,-4,-4,21,6
17,AA,SFO,LAX,JFK,-5,-4,0,-14
17,AA,SFO,LAX,JFK,-5,-4,-3,-4
17,DL,SFO,LAX,JFK,-5,-13,0,-7
17,VX,SFO,LAX,JFK,1,-7,-6,-17
17,AA,SFO,LAX,JFK,-3,-4,-1,11
17,AA,SFO,LAX,JFK,-3,-4,0,-14
17,DL,SFO,LAX,JFK,20,43,1,20
17,DL,SFO,LAX,JFK,20,43,25,40
17,B6,SFO,BOS,JFK,16,1,-5,-8
17,AA,SFO,MIA,JFK,2,-8,4,7
17,AA,SFO,CLT,JFK,20,11,0,0
17,AA,SFO,CLT,JFK,20,11,-3,-18
17,DL,SFO,ATL,JFK,20,12,5,-8
18,DL,SFO,MSP,JFK,-7,-17,-2,-27
18,AA,SFO,CLT,JFK,-3,-2,9,-3
18,AA,SFO,ORD,JFK,0,-4,-4,-7
18,AA,SFO,DFW,JFK,-4,-7,26,-1
18,AA,SFO,PHX,JFK,-3,-7,-2,-6
18,DL,SFO,ATL,JFK,-4,-16,-5,-31
18,DL,SFO,MSP,JFK,2,-10,-2,-19
18,AA,SFO,MIA,JFK,2,-6,54,31
18,VX,SFO,LAX,JFK,7,22,8,-10
18,DL,SFO,LAX,JFK,-1,0,40,15
18,B6,SFO,LAS,JFK,-6,3,6,-5
18,DL,SFO,MSP,JFK,-2,-10,-2,-19
18,DL,SFO,ATL,JFK,3,-4,47,31
18,DL,SFO,LAX,JFK,5,55,9,-13
18,AA,SFO,PHX,JFK,0,6,-1,-3
18,AA,SFO,ORD,JFK,16,3,-6,49
18,DL,SFO,LAX,JFK,74,77,34,8
18,AA,SFO,CLT,JFK,9,-13,35,31
18,DL,SFO,DTW,JFK,-1,-24,66,55
18,DL,SFO,LAX,JFK,91,104,34,8
18,DL,SFO,ATL,JFK,1,-24,3,-11
18,AA,SFO,PHX,JFK,4,6,19,35
18,AA,SFO,MIA,JFK,1,22,98,60
18,VX,SFO,LAX,JFK,146,143,111,102
18,AA,SFO,CLT,JFK,16,12,23,15
18,DL,SFO,LAX,JFK,127,128,16,-7
18,DL,SFO,SLC,JFK,143,134,19,-12
18,AS,SFO,SEA,JFK,9,-3,3,-45
18,DL,SFO,LAX,JFK,81,93,16,-7
18,AA,SFO,PHX,JFK,-3,-14,6,-15
18,B6,SFO,LAS,JFK,61,53,1,-11
18,AA,SFO,LAX,JFK,12,5,-2,-20
18,AA,SFO,LAX,JFK,12,5,0,-11
18,B6,SFO,BOS,JFK,102,86,-1,-2
18,AA,SFO,MIA,JFK,89,82,-7,-36
18,AA,SFO,CLT,JFK,8,-15,10,-5
18,B6,SFO,BOS,JFK,35,19,36,45
19,AA,SFO,CLT,JFK,-1,-7,35,28
19,DL,SFO,ATL,JFK,176,142,5,-12
19,AA,SFO,MIA,JFK,113,95,-5,-13
19,AA,SFO,DFW,JFK,2,-7,29,6
19,AA,SFO,PHX,JFK,0,-7,33,1
19,DL,SFO,LAX,JFK,21,23,16,-17
19,DL,SFO,ATL,JFK,10,-10,35,26
19,VX,SFO,LAX,JFK,23,17,-1,-41
19,AA,SFO,LAX,JFK,-2,-13,22,-5
19,VX,SFO,LAX,JFK,9,16,-1,-41
19,AA,SFO,PHX,JFK,-2,-4,2,-14
19,AA,SFO,ORD,JFK,21,-15,2,3
19,DL,SFO,LAX,JFK,-6,1,29,-1
19,AA,SFO,DFW,JFK,-3,-14,-4,32
19,B6,SFO,FLL,JFK,-3,19,-2,1
19,AA,SFO,ORD,JFK,3,-31,2,3
19,AA,SFO,CLT,JFK,3,-13,1,
19,VX,SFO,LAX,JFK,11,9,4,-21
19,VX,SFO,LAX,JFK,11,9,36,26
19,DL,SFO,DTW,JFK,10,-31,29,30
19,AA,SFO,PHX,JFK,-4,0,-3,-26
19,VX,SFO,LAX,JFK,-3,-1,15,9
19,DL,SFO,SLC,JFK,13,1,7,-14
19,DL,SFO,LAX,JFK,25,36,36,16
19,AS,SFO,SEA,JFK,-3,-1,6,-31
19,AA,SFO,PHX,JFK,-3,-9,0,-20
19,B6,SFO,LAS,JFK,-3,-14,5,-1
19,AS,SFO,SEA,JFK,-7,-11,6,-31
19,AA,SFO,LAX,JFK,-8,2,19,16
19,VX,SFO,LAX,JFK,10,20,23,36
19,B6,SFO,BOS,JFK,51,21,-4,-17
19,AA,SFO,MIA,JFK,0,-2,3,-7
19,B6,SFO,FLL,JFK,23,16,17,36
19,AA,SFO,CLT,JFK,13,-1,75,89
19,DL,SFO,ATL,JFK,-2,-8,0,1
19,DL,SFO,DTW,JFK,3,-12,24,23
20,AA,SFO,CLT,JFK,1,-6,8,9
20,DL,SFO,ATL,JFK,5,-16,1,-7
20,AA,SFO,DFW,JFK,-2,-16,2,-19
20,AA,SFO,PHX,JFK,-3,-13,6,-31
20,DL,SFO,LAX,JFK,2,-12,29,0
20,DL,SFO,ATL,JFK,14,-6,21,12
20,AA,SFO,LAX,JFK,-6,-9,1,-26
20,AA,SFO,MIA,JFK,2,-14,-2,10
20,DL,SFO,ATL,JFK,9,-2,18,8
20,VX,SFO,LAX,JFK,4,7,8,-13
20,B6,SFO,BOS,JFK,-1,-6,36,39
20,B6,SFO,LAS,JFK,3,7,27,12
20,AA,SFO,PHX,JFK,3,17,13,3
20,AA,SFO,ORD,JFK,4,-14,0,-16
20,DL,SFO,LAX,JFK,-1,4,35,27
20,AA,SFO,DFW,JFK,-6,-24,20,13
20,B6,SFO,FLL,JFK,159,164,102,105